<?xml version="1.0" encoding="UTF-8"?>
<project-private xmlns="http://www.netbeans.org/ns/project-private/1">
    <editor-bookmarks xmlns="http://www.netbeans.org/ns/editor-bookmarks/2" lastBookmarkId="0"/>
    <open-files xmlns="http://www.netbeans.org/ns/projectui-open-files/2">
        <group>
            <file>file:/C:/Users/HP/Documents/NetBeansProjects/HotelManagementSystem/src/hotelmanagementsystem/HotelManagementSystem.java</file>
            <file>file:/C:/Users/HP/Documents/NetBeansProjects/HotelManagementSystem/src/hotelmanagementsystem/Dashboard.java</file>
            <file>file:/C:/Users/HP/Documents/NetBeansProjects/HotelManagementSystem/src/hotelmanagementsystem/Addguest.java</file>
            <file>file:/C:/Users/HP/Documents/NetBeansProjects/HotelManagementSystem/src/hotelmanagementsystem/Room.java</file>
            <file>file:/C:/Users/HP/Documents/NetBeansProjects/HotelManagementSystem/src/hotelmanagementsystem/Guest.java</file>
            <file>file:/C:/Users/HP/Documents/NetBeansProjects/HotelManagementSystem/src/hotelmanagementsystem/Addemplyoee.java</file>
            <file>file:/C:/Users/HP/Documents/NetBeansProjects/HotelManagementSystem/src/hotelmanagementsystem/EmployeeInfo.java</file>
            <file>file:/C:/Users/HP/Documents/NetBeansProjects/HotelManagementSystem/src/hotelmanagementsystem/Addroom.java</file>
            <file>file:/C:/Users/HP/Documents/NetBeansProjects/HotelManagementSystem/src/hotelmanagementsystem/Reception.java</file>
        </group>
    </open-files>
</project-private>
